{
    "color_intrinsics": {
        "width": 640,
        "height": 480,
        "fx": 608.2882690429688,
        "fy": 608.6083984375,
        "ppx": 316.56170654296875,
        "ppy": 231.01663208007812,
        "coeffs": [
            0.0,
            0.0,
            0.0,
            0.0,
            0.0
        ]
    },
    "depth_intrinsics": {
        "width": 640,
        "height": 480,
        "fx": 383.2601318359375,
        "fy": 383.2601318359375,
        "ppx": 325.90032958984375,
        "ppy": 237.86862182617188,
        "coeffs": [
            0.0,
            0.0,
            0.0,
            0.0,
            0.0
        ]
    },
    "extrinsics": {
        "rotation": [
            0.9999418258666992,
            -0.010221424512565136,
            -0.003448843490332365,
            0.010212341323494911,
            0.9999443888664246,
            -0.0026412487495690584,
            0.0034756490495055914,
            0.0026058743242174387,
            0.9999905824661255
        ],
        "translation": [
            0.014744727872312069,
            3.41205632139463e-05,
            0.0004029515548609197
        ]
    }
}