{
    "color_intrinsics": {
        "width": 640,
        "height": 480,
        "fx": 608.2882690429688,
        "fy": 608.6083984375,
        "ppx": 316.56170654296875,
        "ppy": 231.01663208007812,
        "coeffs": [
            0.0,
            0.0,
            0.0,
            0.0,
            0.0
        ]
    },
    "depth_intrinsics": {
        "width": 640,
        "height": 480,
        "fx": 383.2601318359375,
        "fy": 383.2601318359375,
        "ppx": 325.90032958984375,
        "ppy": 237.86862182617188,
        "coeffs": [
            0.0,
            0.0,
            0.0,
            0.0,
            0.0
        ]
    }
}